observation_id,observed_at,created_at,datasheet,location,latitude,longitude,observer,comments,Rivulet Mouth State,Tide Height (m),Lagoon Height (m),Dover Rainfall (24h to observation mm),Observations,Noteworthy Photograph,photos
019ee4a9-df07-78fe-bc19-161026216eb1,2023-12-12T12:00:00+00:00,2026-06-20T10:53:18+00:00,Dover Rivulet Mouth Observations,Dover Rivulet Mouth,-43.31622,147.02357,mhdoverlc,,Closed,,,,,files/photos_and_files/019ee4a8-fcc1-7099-a622-61a38ec3e4ec-9548db97a3e7b0b9284d9dd30a99ec413be574e1.jpg,files/photos_and_files/019ee4a8-fcc1-7099-a622-61a38ec3e4ec-9548db97a3e7b0b9284d9dd30a99ec413be574e1.jpg
019ee4ab-1a77-7479-a5bf-821ccb64a170,2024-01-20T12:00:00+00:00,2026-06-20T10:54:39+00:00,Dover Rivulet Mouth Observations,Dover Rivulet Mouth,-43.31622,147.02357,mhdoverlc,,Closed,,,,,files/photos_and_files/019ee4aa-5159-7576-ad53-46b7e9c90219-de6e9721ee383768ecda048d0bf6f56a8ce0eb09.jpg,files/photos_and_files/019ee4aa-5159-7576-ad53-46b7e9c90219-de6e9721ee383768ecda048d0bf6f56a8ce0eb09.jpg
019ee4ac-1ccd-7bf6-a22c-02a25999abac,2024-02-17T18:37:00+00:00,2026-06-20T10:55:45+00:00,Dover Rivulet Mouth Observations,Dover Rivulet Mouth,-43.31622,147.02357,mhdoverlc,,Open - Flowing Out to Sea,,,,Someone opened it,files/photos_and_files/019ee4ab-ad98-7446-9ca1-4e3b8682613f-929f56459399f148e0f222c9548d47f3fde21ea1.jpg,files/photos_and_files/019ee4ab-ad98-7446-9ca1-4e3b8682613f-929f56459399f148e0f222c9548d47f3fde21ea1.jpg
019ee4ad-2ab3-7868-9d7b-cfbe4744fbab,2024-04-09T12:00:00+00:00,2026-06-20T10:56:54+00:00,Dover Rivulet Mouth Observations,Dover Rivulet Mouth,-43.31622,147.02357,mhdoverlc,,Closed,,,,,files/photos_and_files/019ee4ac-b03a-7b6f-b6e5-8abe20a5e59a-1c4eafb9925c28cd4794aaa294e8ff801790cfd5.jpg,files/photos_and_files/019ee4ac-b03a-7b6f-b6e5-8abe20a5e59a-1c4eafb9925c28cd4794aaa294e8ff801790cfd5.jpg
019ee4ae-5bb3-71ab-9e97-0ee70ce2f172,2024-05-05T12:00:00+00:00,2026-06-20T10:58:12+00:00,Dover Rivulet Mouth Observations,Dover Rivulet Mouth,-43.31622,147.02357,mhdoverlc,,Open - Flowing Out to Sea,,,,,files/photos_and_files/019ee4ad-af83-7a33-a15c-964e13c5679d-aefa849ef4fb28ea1bc4d50e71502c78d2d4866a.jpg,files/photos_and_files/019ee4ad-af83-7a33-a15c-964e13c5679d-aefa849ef4fb28ea1bc4d50e71502c78d2d4866a.jpg
019ee4af-948c-7941-9cdf-006d1aabc462,2024-05-06T12:00:00+00:00,2026-06-20T10:59:32+00:00,Dover Rivulet Mouth Observations,Dover Rivulet Mouth,-43.31622,147.02357,mhdoverlc,,Open - Flowing Out to Sea,,,,,files/photos_and_files/019ee4ae-ff18-7f92-8381-5ba2eb4134a8-a1e13abf43945c52a36e08634a2547bb8f268885.jpg,files/photos_and_files/019ee4ae-ff18-7f92-8381-5ba2eb4134a8-a1e13abf43945c52a36e08634a2547bb8f268885.jpg
019ee4b2-aae9-74b8-af75-961d248b1ac0,2024-05-07T12:04:00+00:00,2026-06-20T11:02:54+00:00,Dover Rivulet Mouth Observations,Dover Rivulet Mouth,-43.31622,147.02357,mhdoverlc,,Open - Flowing Out to Sea,,,,"Lagoon very low, trickling out to sea, fish kill caused by low oxygen after sudden emptying Salmon farms and Tas EPA attended, salmon farm worker reportedly measured very low oxygen EPA concluded natural even",files/photos_and_files/019ee4b0-18d5-7a56-ad97-29e63d824d2e-152927e2fbd440b3be42249edb5c69a11ed49919.jpg,files/photos_and_files/019ee4b0-18d5-7a56-ad97-29e63d824d2e-152927e2fbd440b3be42249edb5c69a11ed49919.jpg
019ee4b7-a8b8-7a48-a5ef-82108b991a37,2024-05-07T12:06:00+00:00,2026-06-20T11:08:22+00:00,Dover Rivulet Mouth Observations,Dover Rivulet Mouth,-43.31622,147.02357,mhdoverlc,,Open - Flowing Out to Sea,,,,"Day of fish kill, EPA concluded natural event",files/photos_and_files/019ee4b7-59ae-7bae-aaa7-e260fbea518d-fe1e8807dfe67fff06751b5b649c87f1baccf137.jpg; files/photos_and_files/019ee4b7-7730-7adc-b556-96eaceede73a-c7996ca15376f19f6ba642f54d8e4355b2ae4d5c.jpg; files/photos_and_files/019ee4b7-8c30-7a7f-a37d-4084a8563687-7877ec96c2432f86e65c0172a9be6eaa9611408d.jpg,files/photos_and_files/019ee4b7-59ae-7bae-aaa7-e260fbea518d-fe1e8807dfe67fff06751b5b649c87f1baccf137.jpg; files/photos_and_files/019ee4b7-7730-7adc-b556-96eaceede73a-c7996ca15376f19f6ba642f54d8e4355b2ae4d5c.jpg; files/photos_and_files/019ee4b7-8c30-7a7f-a37d-4084a8563687-7877ec96c2432f86e65c0172a9be6eaa9611408d.jpg
019ee4b9-b680-708d-bd91-10c31c27c285,2024-05-08T12:28:00+00:00,2026-06-20T11:10:36+00:00,Dover Rivulet Mouth Observations,Dover Rivulet Mouth,-43.31622,147.02357,mhdoverlc,,Open - Flowing Out to Sea,,,,"Day after fish kill, lagoon milky and smelly",files/photos_and_files/019ee4b9-37d9-7e35-81f9-a965bba4f967-59f80832349115429496f7c552114e549fac0582.jpg; files/photos_and_files/019ee4b9-1ab4-7d93-9165-a529ac1d24fb-e9a057faf05bc1e17ff0227d7dea5f65837af137.jpg,files/photos_and_files/019ee4b9-37d9-7e35-81f9-a965bba4f967-59f80832349115429496f7c552114e549fac0582.jpg; files/photos_and_files/019ee4b9-1ab4-7d93-9165-a529ac1d24fb-e9a057faf05bc1e17ff0227d7dea5f65837af137.jpg
019ee4bb-5764-72bd-af0d-4ab01a8a81e0,2024-05-09T12:38:00+00:00,2026-06-20T11:12:23+00:00,Dover Rivulet Mouth Observations,Dover Rivulet Mouth,-43.31622,147.02357,mhdoverlc,,Open - Flowing Out to Sea,,,,"2nd day after fish kill, still milky and smelly",files/photos_and_files/019ee4ba-9946-7e5a-951e-b5d6ebe5c239-7c99147854141bd6264d95da824ee5b11aa1e169.jpg,files/photos_and_files/019ee4ba-9946-7e5a-951e-b5d6ebe5c239-7c99147854141bd6264d95da824ee5b11aa1e169.jpg
019ee4bc-658b-7344-86fa-ffcb9db44027,2024-05-10T17:31:00+00:00,2026-06-20T11:13:32+00:00,Dover Rivulet Mouth Observations,Dover Rivulet Mouth,-43.31622,147.02357,mhdoverlc,,Open - Flowing Out to Sea,,,,,files/photos_and_files/019ee4bc-3689-74d2-8469-1519d8607ddd-7332e50c85bb16eae3736a82522e2dafdba27f6b.jpg,files/photos_and_files/019ee4bc-3689-74d2-8469-1519d8607ddd-7332e50c85bb16eae3736a82522e2dafdba27f6b.jpg
019ee4be-bff1-7cd2-bd10-456d929eabf3,2024-05-14T13:26:00+00:00,2026-06-20T11:16:06+00:00,Dover Rivulet Mouth Observations,Dover Rivulet Mouth,-43.31622,147.02357,mhdoverlc,,Open - Flowing Out to Sea,,,,,files/photos_and_files/019ee4be-add9-7dda-85b5-4e2f373bd13a-2ed339d5c450577aa9bd9c7c0eceb2a12834f3a3.jpg,files/photos_and_files/019ee4be-add9-7dda-85b5-4e2f373bd13a-2ed339d5c450577aa9bd9c7c0eceb2a12834f3a3.jpg
019ee4c1-3bd3-7ddd-beda-7005bf4b402a,2024-05-16T13:27:00+00:00,2026-06-20T11:18:49+00:00,Dover Rivulet Mouth Observations,Dover Rivulet Mouth,-43.31622,147.02357,mhdoverlc,,Closed,,,,,files/photos_and_files/019ee4c1-07b2-7c25-9883-8d97342b0ad9-20571209c4cf9f41e1b4ad82d8f5c937fa40838f.jpg; files/photos_and_files/019ee4c1-169e-79cf-a060-e888184d8f0e-127f10f6d0c395d4654a6b754ed785fce0cf310f.jpg; files/photos_and_files/019ee4c1-26e9-7822-8825-64f7d05fcd5b-d6b6ad7cfa53504b6164bf26d033e989f833325a.jpg,files/photos_and_files/019ee4c1-07b2-7c25-9883-8d97342b0ad9-20571209c4cf9f41e1b4ad82d8f5c937fa40838f.jpg; files/photos_and_files/019ee4c1-169e-79cf-a060-e888184d8f0e-127f10f6d0c395d4654a6b754ed785fce0cf310f.jpg; files/photos_and_files/019ee4c1-26e9-7822-8825-64f7d05fcd5b-d6b6ad7cfa53504b6164bf26d033e989f833325a.jpg
019ee4c2-74e3-71d8-8495-7997fe167334,2024-05-18T16:32:00+00:00,2026-06-20T11:20:09+00:00,Dover Rivulet Mouth Observations,Dover Rivulet Mouth,-43.31622,147.02357,mhdoverlc,,Closed,,,,,files/photos_and_files/019ee4c2-5286-7beb-92e4-7e06344cd532-1463cccbc3f8033b09699086b955fb4919d5c6de.jpg,files/photos_and_files/019ee4c2-5286-7beb-92e4-7e06344cd532-1463cccbc3f8033b09699086b955fb4919d5c6de.jpg
019ee4c3-8d74-7177-b3f2-6b9cf8d4d2a1,2024-05-19T14:27:00+00:00,2026-06-20T11:21:21+00:00,Dover Rivulet Mouth Observations,Dover Rivulet Mouth,-43.31622,147.02357,mhdoverlc,,Closed,,,,,files/photos_and_files/019ee4c3-4f42-71bc-978b-52c0a444278a-f0661aeaf06b8920a8f6f8282150d2c47005bfe4.jpg,files/photos_and_files/019ee4c3-4f42-71bc-978b-52c0a444278a-f0661aeaf06b8920a8f6f8282150d2c47005bfe4.jpg
019ee4c4-e969-7323-ae23-6466314319f2,2024-05-20T12:03:00+00:00,2026-06-20T11:22:50+00:00,Dover Rivulet Mouth Observations,Dover Rivulet Mouth,-43.31622,147.02357,mhdoverlc,,Closed,,,,,files/photos_and_files/019ee4c4-a238-7a82-aa64-399d129be1bc-160d4f5789b8ae8a30e488df96e7c5d7aa5e3c7f.jpg,files/photos_and_files/019ee4c4-a238-7a82-aa64-399d129be1bc-160d4f5789b8ae8a30e488df96e7c5d7aa5e3c7f.jpg
019ee4c7-9fe6-705e-b9a9-edebeba88735,2024-05-22T10:54:00+00:00,2026-06-20T11:25:48+00:00,Dover Rivulet Mouth Observations,Dover Rivulet Mouth,-43.31622,147.02357,mhdoverlc,,Open - Flowing Out to Sea,,,,,files/photos_and_files/019ee4c7-7acc-7ab5-9af0-67d05d9c7fd3-43857c9f9d328c47865c368f8344dbc630099ec3.jpg; files/photos_and_files/019ee4c7-8a21-755f-a195-304a76344065-c3dae512bba0ab41c99f6b3dee5fcd71a67d6be1.jpg,files/photos_and_files/019ee4c7-7acc-7ab5-9af0-67d05d9c7fd3-43857c9f9d328c47865c368f8344dbc630099ec3.jpg; files/photos_and_files/019ee4c7-8a21-755f-a195-304a76344065-c3dae512bba0ab41c99f6b3dee5fcd71a67d6be1.jpg
019ee4cb-b601-7963-aa5b-d4d037b483f7,2024-05-26T12:00:00+00:00,2026-06-20T11:30:16+00:00,Dover Rivulet Mouth Observations,Dover Rivulet Mouth,-43.31622,147.02357,mhdoverlc,,Closed,,,,"26th to 29th of may partially open, high tides flooding into lagoon",files/photos_and_files/019ee4ca-d369-7280-a08f-8d5a549752b5-9e6c958398208fc75311f0bb28bcf0639a6ab4e7.jpg; files/photos_and_files/019ee4cb-0018-75e8-9b3c-0335f60a2a8e-df1fd6d750d1b60ba2ce0de80a2deab55cb1aec6.jpg; files/photos_and_files/019ee4cb-1853-7a95-8909-4dcdf23847cc-5003705761a8d270fde4e3300ce08f1400dd7e31.jpg; files/photos_and_files/019ee4cb-33d6-7775-a43e-216dbe1490d2-06414e7340b3f30d1461f25b49d04c165b6a7fcb.jpg; files/photos_and_files/019ee4cb-4e89-752b-9eb6-212366783957-93844b4c5751cb32f3f394d5921e07fcfb424bd1.jpg; files/photos_and_files/019ee4cb-7707-7025-b788-d2a18c9d7860-0c2bea6dac6c2603086ae028f7781fbac44a989b.jpg; files/photos_and_files/019ee4cb-9e96-77f5-b975-1f49ec32206f-fc21e2217ed408ba17b60d310faecca1b995b93d.jpg,files/photos_and_files/019ee4ca-d369-7280-a08f-8d5a549752b5-9e6c958398208fc75311f0bb28bcf0639a6ab4e7.jpg; files/photos_and_files/019ee4cb-0018-75e8-9b3c-0335f60a2a8e-df1fd6d750d1b60ba2ce0de80a2deab55cb1aec6.jpg; files/photos_and_files/019ee4cb-1853-7a95-8909-4dcdf23847cc-5003705761a8d270fde4e3300ce08f1400dd7e31.jpg; files/photos_and_files/019ee4cb-33d6-7775-a43e-216dbe1490d2-06414e7340b3f30d1461f25b49d04c165b6a7fcb.jpg; files/photos_and_files/019ee4cb-4e89-752b-9eb6-212366783957-93844b4c5751cb32f3f394d5921e07fcfb424bd1.jpg; files/photos_and_files/019ee4cb-7707-7025-b788-d2a18c9d7860-0c2bea6dac6c2603086ae028f7781fbac44a989b.jpg; files/photos_and_files/019ee4cb-9e96-77f5-b975-1f49ec32206f-fc21e2217ed408ba17b60d310faecca1b995b93d.jpg
019ee4ce-eda1-74f4-920b-51e2113791c5,2024-05-30T12:00:00+00:00,2026-06-20T11:33:47+00:00,Dover Rivulet Mouth Observations,Dover Rivulet Mouth,-43.31622,147.02357,mhdoverlc,,Open - Flowing Out to Sea,,,,"30 May through June 4, often open, even toward low tide",files/photos_and_files/019ee4ce-8007-7720-8f43-2a80f624b7f4-2b77ace0206d3c76444ebdaa5eaee187e383ba83.jpg; files/photos_and_files/019ee4ce-919d-717d-8d50-a5d4a9b6862c-5d84052bc25b2a576568daae3d4f31228e0d4338.jpg; files/photos_and_files/019ee4ce-a2d6-7509-bb94-df8a8bd52fc0-0fdada4d92273d4a462f93adf0472e784723ff4f.jpg; files/photos_and_files/019ee4ce-b1ef-7244-9c20-ca15e65a911f-441d4988a2515a729ef59dd5996e0fcab56c518a.jpg; files/photos_and_files/019ee4ce-c588-7557-9bb1-ef87dd464f5f-4622665dbaa12ced3e984d9edbb722d47441b27f.jpg; files/photos_and_files/019ee4ce-d5c7-7a24-acff-1535caf164ff-49e545e6c751192dfe8b5acface2f79525479486.jpg; files/photos_and_files/019ee4ce-5bac-7a32-87aa-c0201abf6ed6-09a645fb3f240b846c184a74db559074f2a7ba7e.jpg; files/photos_and_files/019ee4ce-6f44-7ec1-a03f-e052dc391c46-e70ce53221677fbc73af63ba36282d905dd4f230.jpg,files/photos_and_files/019ee4ce-8007-7720-8f43-2a80f624b7f4-2b77ace0206d3c76444ebdaa5eaee187e383ba83.jpg; files/photos_and_files/019ee4ce-919d-717d-8d50-a5d4a9b6862c-5d84052bc25b2a576568daae3d4f31228e0d4338.jpg; files/photos_and_files/019ee4ce-a2d6-7509-bb94-df8a8bd52fc0-0fdada4d92273d4a462f93adf0472e784723ff4f.jpg; files/photos_and_files/019ee4ce-b1ef-7244-9c20-ca15e65a911f-441d4988a2515a729ef59dd5996e0fcab56c518a.jpg; files/photos_and_files/019ee4ce-c588-7557-9bb1-ef87dd464f5f-4622665dbaa12ced3e984d9edbb722d47441b27f.jpg; files/photos_and_files/019ee4ce-d5c7-7a24-acff-1535caf164ff-49e545e6c751192dfe8b5acface2f79525479486.jpg; files/photos_and_files/019ee4ce-5bac-7a32-87aa-c0201abf6ed6-09a645fb3f240b846c184a74db559074f2a7ba7e.jpg; files/photos_and_files/019ee4ce-6f44-7ec1-a03f-e052dc391c46-e70ce53221677fbc73af63ba36282d905dd4f230.jpg
019ee4d3-363e-7c51-a601-8abf8a0b2ce1,2024-06-06T12:00:00+00:00,2026-06-20T11:38:27+00:00,Dover Rivulet Mouth Observations,Dover Rivulet Mouth,-43.31622,147.02357,mhdoverlc,,Open - Flowing Out to Sea,,,,"June 6 to 19, regularly opening and closing",files/photos_and_files/019ee4d2-9703-7dc3-abc9-6d9bd38febf3-957d35bf582229748136af144eb154b32cbdf1ab.jpg; files/photos_and_files/019ee4d2-abe0-7f77-9734-f14b0bce7ebe-e3d8e27319e53237fb9c9f6fefc2292757359fee.jpg; files/photos_and_files/019ee4d2-bf33-73cf-85cb-b6feaa540a67-79bc3ab6daabc747362081ea7cf9ddfcc73e54e4.jpg; files/photos_and_files/019ee4d2-ce73-7a14-a63d-a092ac5f1ff2-e5052c5744dfcd65e7981d13aa62ca3d22fb8f78.jpg; files/photos_and_files/019ee4d3-0a27-7caf-8d14-8ec0146eb90d-d1c4dce97b27e23fb1077114491eceba98c94654.jpg; files/photos_and_files/019ee4d2-dca4-7417-8619-fc809dc1d58f-7cd6a5c3f38a732f831362f758d3168d259ae14e.jpg; files/photos_and_files/019ee4d2-e874-71e2-8a04-05c44bc473f6-44bd578f6ebdab80c2882586253edc9b34b09242.jpg; files/photos_and_files/019ee4d2-fa63-7acc-b345-34c8f596ae21-5f934a00fb43408b00efb371b439b026142aef09.jpg,files/photos_and_files/019ee4d2-9703-7dc3-abc9-6d9bd38febf3-957d35bf582229748136af144eb154b32cbdf1ab.jpg; files/photos_and_files/019ee4d2-abe0-7f77-9734-f14b0bce7ebe-e3d8e27319e53237fb9c9f6fefc2292757359fee.jpg; files/photos_and_files/019ee4d2-bf33-73cf-85cb-b6feaa540a67-79bc3ab6daabc747362081ea7cf9ddfcc73e54e4.jpg; files/photos_and_files/019ee4d2-ce73-7a14-a63d-a092ac5f1ff2-e5052c5744dfcd65e7981d13aa62ca3d22fb8f78.jpg; files/photos_and_files/019ee4d3-0a27-7caf-8d14-8ec0146eb90d-d1c4dce97b27e23fb1077114491eceba98c94654.jpg; files/photos_and_files/019ee4d2-dca4-7417-8619-fc809dc1d58f-7cd6a5c3f38a732f831362f758d3168d259ae14e.jpg; files/photos_and_files/019ee4d2-e874-71e2-8a04-05c44bc473f6-44bd578f6ebdab80c2882586253edc9b34b09242.jpg; files/photos_and_files/019ee4d2-fa63-7acc-b345-34c8f596ae21-5f934a00fb43408b00efb371b439b026142aef09.jpg
e91e15bc-be06-442a-ad76-92438bb52f6a,2024-06-20T13:15:26+00:00,2024-06-22T05:49:46+00:00,Dover Rivulet Mouth Observations,Dover Rivulet Mouth,-43.31622,147.02357,mhdoverlc,,Open - Flowing Into Lagoon,1.0,1.0,3,,files/photos_and_files/31c5ef88-69ef-451b-8cef-cc68270e6c2c-024555b09c8cb816964bc79dedfbdca0b35156f7.heic,files/photos_and_files/31c5ef88-69ef-451b-8cef-cc68270e6c2c-024555b09c8cb816964bc79dedfbdca0b35156f7.heic
b20337f9-f937-4ec0-8a9b-b64d9a748587,2024-06-22T15:46:52+00:00,2024-06-22T05:49:52+00:00,Dover Rivulet Mouth Observations,Dover Rivulet Mouth,-43.31622,147.02357,mhdoverlc,,Open - Flowing Out to Sea,1.1,1.1,2,Clean water,files/photos_and_files/bb88b025-ecb4-4629-96f8-63d48d038b32-4eec80a9dece907869f6a072a87eed30ca41a4aa.heic,files/photos_and_files/bb88b025-ecb4-4629-96f8-63d48d038b32-4eec80a9dece907869f6a072a87eed30ca41a4aa.heic
4fdc1c47-2dda-404a-bb5f-4f3384b41a73,2024-06-22T15:49:00+00:00,2024-06-22T05:49:58+00:00,Dover Rivulet Mouth Observations,Dover Rivulet Lower Lagoon,-43.3158,147.02321,mhdoverlc,,Open - Flowing Into Lagoon,1.1,1.1,2,Looks healthy,files/photos_and_files/dcb152f0-29ab-425a-aef8-daf8ede0b074-042d9098dfd4b05896eea6a2ff18ef8eed8f1a7c.heic,files/photos_and_files/dcb152f0-29ab-425a-aef8-daf8ede0b074-042d9098dfd4b05896eea6a2ff18ef8eed8f1a7c.heic
b9ab6b05-d206-4efb-91ce-5990279fe8b0,2024-06-23T13:29:50+00:00,2024-06-23T03:32:23+00:00,Dover Rivulet Mouth Observations,Dover Rivulet Lower Lagoon,-43.3158,147.02321,mhdoverlc,,Open - Flowing Into Lagoon,0.8,0.8,1,,files/photos_and_files/0d782f55-a94d-41c7-a8b6-ea49ff0705de-c7eb1d9da909d10525764648f7c97e3e73c8b45f.heic,files/photos_and_files/0d782f55-a94d-41c7-a8b6-ea49ff0705de-c7eb1d9da909d10525764648f7c97e3e73c8b45f.heic
c1f89577-7d15-4b34-8270-f4966f4edd6d,2024-06-23T13:30:51+00:00,2024-06-23T03:32:28+00:00,Dover Rivulet Mouth Observations,Dover Rivulet Mouth,-43.31622,147.02357,mhdoverlc,,Open - Flowing Into Lagoon,0.8,0.8,2,,files/photos_and_files/96cac612-b6de-4987-9477-4b84c355f6c7-1595361a15b11c6e5a329dc285f74da7995cb0e2.heic,files/photos_and_files/96cac612-b6de-4987-9477-4b84c355f6c7-1595361a15b11c6e5a329dc285f74da7995cb0e2.heic
bdf16026-1354-451b-a554-8853414ba6db,2024-06-23T13:32:12+00:00,2024-06-23T03:32:35+00:00,Dover Rivulet Mouth Observations,Dover Rivulet Mouth,-43.31622,147.02357,mhdoverlc,,Open - Flowing Into Lagoon,0.8,0.8,2,,files/photos_and_files/4133e1dd-c7fd-4152-b9b7-ba55ed94ae31-fe8007b028559c5e2c9ecab4e126653e10d5da3b.heic,files/photos_and_files/4133e1dd-c7fd-4152-b9b7-ba55ed94ae31-fe8007b028559c5e2c9ecab4e126653e10d5da3b.heic
a9462e59-0bb7-432d-a69e-ce22151e535c,2024-06-24T12:52:05+00:00,2024-06-24T02:53:04+00:00,Dover Rivulet Mouth Observations,Dover Rivulet Mouth,-43.31622,147.02357,mhdoverlc,,Open - Flowing Into Lagoon,0.6,0.6,0,,files/photos_and_files/c284d53a-c5c2-435a-a526-bbc79c77a57c-beb5e2429eb9bbc931f3383cef3331f21cc26404.heic,files/photos_and_files/c284d53a-c5c2-435a-a526-bbc79c77a57c-beb5e2429eb9bbc931f3383cef3331f21cc26404.heic
8aac3014-0fdd-4b70-8cf6-c501caf06b3e,2024-06-24T12:52:57+00:00,2024-06-24T02:53:18+00:00,Dover Rivulet Mouth Observations,Dover Rivulet Lower Lagoon,-43.3158,147.02321,mhdoverlc,,Open - Flowing Into Lagoon,0.6,0.6,0,,files/photos_and_files/ba64f069-0cbf-4410-ada9-8e8cd44e162f-fe1357da52a4074fb9dd6a74c75add3d7c30caaa.heic,files/photos_and_files/ba64f069-0cbf-4410-ada9-8e8cd44e162f-fe1357da52a4074fb9dd6a74c75add3d7c30caaa.heic
962476b6-baed-4da2-8ef8-53584eb9843b,2024-06-25T12:23:54+00:00,2024-06-25T02:29:48+00:00,Dover Rivulet Mouth Observations,Dover Rivulet Lower Lagoon,-43.3158,147.02321,mhdoverlc,,Open - Flowing Into Lagoon,0.5,0.4,1,,files/photos_and_files/62f852b7-2265-410d-8f41-3811854baa00-a8735f9e96fbbb4cf60fa394da53d02157ae55fb.jpg,files/photos_and_files/62f852b7-2265-410d-8f41-3811854baa00-a8735f9e96fbbb4cf60fa394da53d02157ae55fb.jpg
f09810d8-2698-4261-97f4-32e1d117fde4,2024-06-25T12:28:38+00:00,2024-06-25T02:30:01+00:00,Dover Rivulet Mouth Observations,Dover Rivulet Mouth,-43.31622,147.02357,mhdoverlc,,Open - Flowing Into Lagoon,0.5,0.4,1,,files/photos_and_files/b24975a6-b7c3-4ff2-bdf8-fecdef1f36d8-903ac11ca262ec76c27febb94a71f601d9a2c0d5.jpg,files/photos_and_files/b24975a6-b7c3-4ff2-bdf8-fecdef1f36d8-903ac11ca262ec76c27febb94a71f601d9a2c0d5.jpg
30c48741-cac5-4f0c-8a3d-f064e40b8912,2024-06-25T12:31:04+00:00,2024-06-25T02:31:11+00:00,Dover Rivulet Mouth Observations,Dover Rivulet Lower Lagoon,-43.3158,147.02321,mhdoverlc,,Open - Flowing Into Lagoon,0.5,0.4,1,,files/photos_and_files/3f061585-6a69-48c5-9e1a-cde0fee8fb6d-7e44128ec88ec3f763b1257e3449b6e852414c48.jpg,files/photos_and_files/3f061585-6a69-48c5-9e1a-cde0fee8fb6d-7e44128ec88ec3f763b1257e3449b6e852414c48.jpg
bc3f4dbd-968a-4a1c-aac2-6e768fee4b04,2024-06-26T11:08:45+00:00,2024-06-26T01:11:23+00:00,Dover Rivulet Mouth Observations,Dover Rivulet Mouth,-43.31622,147.02357,mhdoverlc,,Open - Flowing Out to Sea,0.5,0.6,0,,files/photos_and_files/53b77002-598e-49c2-affe-fc7cb495e2b7-7796e3dbc6a2fd3957f709b4a7432d897a60c143.jpg,files/photos_and_files/53b77002-598e-49c2-affe-fc7cb495e2b7-7796e3dbc6a2fd3957f709b4a7432d897a60c143.jpg
b0e9f7e8-292b-462a-99a1-a500bf54c9e0,2024-06-26T11:11:00+00:00,2024-06-26T01:11:29+00:00,Dover Rivulet Mouth Observations,Dover Rivulet Lower Lagoon,-43.3158,147.02321,mhdoverlc,,Open - Flowing Out to Sea,0.55,0.6,0,,files/photos_and_files/f750a700-c1c5-484c-a5f0-3559f7264ad7-882798f182366d41d067980878a266a13d163c7d.jpg,files/photos_and_files/f750a700-c1c5-484c-a5f0-3559f7264ad7-882798f182366d41d067980878a266a13d163c7d.jpg
e814ec6a-87ab-408d-8c08-9395c4862244,2024-06-28T12:51:52+00:00,2024-06-29T11:15:28+00:00,Dover Rivulet Mouth Observations,Dover Rivulet Mouth,-43.31622,147.02357,mhdoverlc,,Closed,0.9,1.1,0,,files/photos_and_files/92bc62b4-0c34-4f73-baca-735b713074ca-0bcb457e62e7624cd6d54d0cab546f2387d7fb66.jpg,files/photos_and_files/92bc62b4-0c34-4f73-baca-735b713074ca-0bcb457e62e7624cd6d54d0cab546f2387d7fb66.jpg
a28cd0c6-97fc-472e-a7df-644a024ec551,2024-06-28T12:52:42+00:00,2024-06-29T11:15:33+00:00,Dover Rivulet Mouth Observations,Dover Rivulet Lower Lagoon,-43.3158,147.02321,mhdoverlc,,Unknown / Not Observed,0.9,1.1,0,,files/photos_and_files/8961d3e5-c80f-4473-99d5-11c30ebf5789-c89cf4ae666d7470e90337cedc64dc6e48702218.jpg,files/photos_and_files/8961d3e5-c80f-4473-99d5-11c30ebf5789-c89cf4ae666d7470e90337cedc64dc6e48702218.jpg
474af194-3376-42a3-a0b1-a9ad97403ad0,2024-06-30T19:57:09+00:00,2024-06-30T09:57:57+00:00,Dover Rivulet Mouth Observations,Dover Rivulet Lower Lagoon,-43.3158,147.02321,mhdoverlc,,Open - Flowing Out to Sea,1.1,1.2,8,,files/photos_and_files/b8e0b38b-9fdd-4607-9ede-d9a49270c7a8-511e6982ae1bcb7d2ff43a93eb8b51fef09e862b.heic,files/photos_and_files/b8e0b38b-9fdd-4607-9ede-d9a49270c7a8-511e6982ae1bcb7d2ff43a93eb8b51fef09e862b.heic
b26c74ec-48ef-4bfd-a2b6-04c26f10a3d2,2024-06-30T19:57:49+00:00,2024-06-30T09:58:11+00:00,Dover Rivulet Mouth Observations,Dover Rivulet Mouth,-43.31622,147.02357,mhdoverlc,,Open - Flowing Out to Sea,1.1,1.2,8,,files/photos_and_files/f597ab78-91d9-4060-8fb5-93b9644549bb-d61cf353509a27e1203e54331a5d2258f2612073.heic,files/photos_and_files/f597ab78-91d9-4060-8fb5-93b9644549bb-d61cf353509a27e1203e54331a5d2258f2612073.heic
019ee4c6-3f73-717d-9783-ab20d3e3b545,2026-05-21T10:44:00+00:00,2026-06-20T11:24:18+00:00,Dover Rivulet Mouth Observations,Dover Rivulet Mouth,-43.31622,147.02357,mhdoverlc,,Open - Flowing Out to Sea,,,,Opened between 9.50 am and 10.44am,files/photos_and_files/019ee4c6-1a58-7cae-a8ef-1a05e09926ec-f8501de71d7d53d106950e52873c7563d7fedd4a.jpg; files/photos_and_files/019ee4c6-2e51-75bd-87b5-50d94931bf82-2e5a80629d737cb0c6383528209caa84ebdd5731.jpg,files/photos_and_files/019ee4c6-1a58-7cae-a8ef-1a05e09926ec-f8501de71d7d53d106950e52873c7563d7fedd4a.jpg; files/photos_and_files/019ee4c6-2e51-75bd-87b5-50d94931bf82-2e5a80629d737cb0c6383528209caa84ebdd5731.jpg
019ee4c8-997c-7ded-8dba-9368320f34de,2026-05-24T13:05:00+00:00,2026-06-20T11:26:52+00:00,Dover Rivulet Mouth Observations,Dover Rivulet Mouth,-43.31622,147.02357,mhdoverlc,,Closed,,,,,files/photos_and_files/019ee4c8-7da4-725c-97d3-5b759bc2a06c-de2010d8bae3a1d689a821ef38ebcb5c67aa11e7.jpg,files/photos_and_files/019ee4c8-7da4-725c-97d3-5b759bc2a06c-de2010d8bae3a1d689a821ef38ebcb5c67aa11e7.jpg
019ed2a1-440c-7f53-bb45-18d8c8590863,2026-06-17T08:48:42+00:00,2026-06-16T22:50:44+00:00,Dover Rivulet Mouth Observations,Dover Rivulet Mouth,-43.31622,147.02357,mhdoverlc,,Open - Flowing Out to Sea,0.3,0.3,1,,files/photos_and_files/019ed2a1-4280-77e6-89a7-b2c1b5ba47ec-164e99f855996b0f6afbf5861372a7c400cc7c2d.jpg,files/photos_and_files/019ed2a1-4280-77e6-89a7-b2c1b5ba47ec-164e99f855996b0f6afbf5861372a7c400cc7c2d.jpg
019ed989-865d-77f6-8200-9a713ef2ecce,2026-06-18T16:52:00+00:00,2026-06-18T07:02:09+00:00,Dover Rivulet Mouth Observations,Dover Rivulet Mouth,-43.31622,147.02357,mhdoverlc,,Open - Flowing Into Lagoon,0.9,0.9,3,,files/photos_and_files/019ed989-84c7-789e-ae8b-ad43c5a1af1d-7ee715198288501e34c888b60308c7cbcc33aea3.jpg,files/photos_and_files/019ed989-84c7-789e-ae8b-ad43c5a1af1d-7ee715198288501e34c888b60308c7cbcc33aea3.jpg
019ede2a-9619-7b7b-828b-d98714849f07,2026-06-19T14:34:29+00:00,2026-06-19T04:36:33+00:00,Dover Rivulet Mouth Observations,Dover Rivulet Mouth,-43.31622,147.02357,mhdoverlc,,Open - Flowing Out to Sea,0.9,0.9,12,,files/photos_and_files/019ede2a-947a-7645-a2da-22b1836db3be-f391a6a670a42aa51e1aeea56cc4c2b9d908f115.jpg,files/photos_and_files/019ede2a-947a-7645-a2da-22b1836db3be-f391a6a670a42aa51e1aeea56cc4c2b9d908f115.jpg
019ee41e-8957-759d-89d2-4110cb97e222,2026-06-20T13:01:00+00:00,2026-06-20T08:21:07+00:00,Dover Rivulet Mouth Observations,Dover Rivulet Lower Lagoon,-43.3158,147.02321,mhdoverlc,,Open - Flowing Out to Sea,0.9,0.9,3,,files/photos_and_files/019ee41e-8690-7bc0-810d-72f2561130a0-89fe637112578d29dfbc2fafb0a4ed21287d3eaa.jpg,files/photos_and_files/019ee41e-8690-7bc0-810d-72f2561130a0-89fe637112578d29dfbc2fafb0a4ed21287d3eaa.jpg
019ee41f-ea50-7f3f-ba75-72771f6ad4fb,2026-06-20T13:01:00+00:00,2026-06-20T08:22:37+00:00,Dover Rivulet Mouth Observations,Dover Rivulet Mouth,-43.31622,147.02357,mhdoverlc,,Open - Flowing Out to Sea,0.9,0.9,3,,files/photos_and_files/019ee41f-e79e-70b5-86a0-3774e0153cb5-db36d9de3f488ea7b41bf632963ba2eb3bf445ed.jpg,files/photos_and_files/019ee41f-e79e-70b5-86a0-3774e0153cb5-db36d9de3f488ea7b41bf632963ba2eb3bf445ed.jpg
019eed35-2dd3-7c57-b31e-cf3798f9ec7b,2026-06-22T12:38:59+00:00,2026-06-22T02:42:25+00:00,Dover Rivulet Mouth Observations,Dover Rivulet Mouth,-43.31622,147.02357,mhdoverlc,,Open - Flowing Into Lagoon,0.9,0.9,0,,files/photos_and_files/019eed35-1c9e-7393-aa37-30bd2da59075-cd16301cbb2ae044dc136f0a039f98046948a6ad.jpg; files/photos_and_files/019eed35-2564-7bc9-8410-f769f6e65f45-6a9d83d53660af7a98b6c98cd61cd457bb16b047.jpg; files/photos_and_files/019eed35-2bd3-7efd-9c04-83bef5d5c5f8-94157aabc1d69999df207eb676cadf877bd3f4b7.jpg,files/photos_and_files/019eed35-1c9e-7393-aa37-30bd2da59075-cd16301cbb2ae044dc136f0a039f98046948a6ad.jpg; files/photos_and_files/019eed35-2564-7bc9-8410-f769f6e65f45-6a9d83d53660af7a98b6c98cd61cd457bb16b047.jpg; files/photos_and_files/019eed35-2bd3-7efd-9c04-83bef5d5c5f8-94157aabc1d69999df207eb676cadf877bd3f4b7.jpg
019ef1a3-4cde-756a-8c6f-ce8aba69c060,2026-06-23T09:19:34+00:00,2026-06-22T23:21:11+00:00,Dover Rivulet Mouth Observations,Dover Rivulet Mouth,-43.31622,147.02357,mhdoverlc,,Open - Flowing Out to Sea,0.3,0.4,4,,files/photos_and_files/019ef1a3-4b32-7ed8-9975-b8c6afed491e-5cab6354e6e405f634b4fc6f2db7ab05f10a129b.jpg,files/photos_and_files/019ef1a3-4b32-7ed8-9975-b8c6afed491e-5cab6354e6e405f634b4fc6f2db7ab05f10a129b.jpg
019ef6c5-ba27-7bee-80e9-7a38dd76bd2b,2026-06-24T09:15:00+00:00,2026-06-23T23:16:53+00:00,Dover Rivulet Mouth Observations,Dover Rivulet Mouth,-43.31622,147.02357,mhdoverlc,,Open - Flowing Out to Sea,0.6,0.7,1,,files/photos_and_files/019ef6c5-798d-7123-8bdb-05585853adfe-97367509da5f9ca1587ce4877f8400f60a56cf6a.jpg; files/photos_and_files/019ef6c5-b793-735d-9834-e799fa9d38da-2d551d0de69722df9678f774362bd498fe58f549.jpg,files/photos_and_files/019ef6c5-798d-7123-8bdb-05585853adfe-97367509da5f9ca1587ce4877f8400f60a56cf6a.jpg; files/photos_and_files/019ef6c5-b793-735d-9834-e799fa9d38da-2d551d0de69722df9678f774362bd498fe58f549.jpg
019f104e-13d8-7ebd-a842-dce5e2b9ffa9,2026-06-29T08:14:00+00:00,2026-06-28T22:16:20+00:00,Dover Rivulet Mouth Observations,Dover Rivulet Mouth,-43.31622,147.02357,mhdoverlc,,Open - Flowing Out to Sea,0.5,0.6,0,,files/photos_and_files/019f104e-1227-7f7e-9791-cd62ed57968c-3ff57377d55c3858279fc44f4046b60836996f02.jpg,files/photos_and_files/019f104e-1227-7f7e-9791-cd62ed57968c-3ff57377d55c3858279fc44f4046b60836996f02.jpg
019f181c-1fc8-7509-b4fd-1e45f4e0c73e,2026-06-30T10:31:00+00:00,2026-06-30T10:38:44+00:00,Dover Rivulet Mouth Observations,Dover Rivulet Mouth,-43.31622,147.02357,mhdoverlc,,Open - Flowing Out to Sea,0.7,0.8,4,,files/photos_and_files/019f181c-169f-7bb6-8e17-893110bc37a6-2a39819f999cf63d8ea1536a2221208eab23945e.jpg; files/photos_and_files/019f181c-1d18-7290-ba97-12164bcf50dc-08647c2db741fdb8851c8da5a220fc1f690f65af.jpg,files/photos_and_files/019f181c-169f-7bb6-8e17-893110bc37a6-2a39819f999cf63d8ea1536a2221208eab23945e.jpg; files/photos_and_files/019f181c-1d18-7290-ba97-12164bcf50dc-08647c2db741fdb8851c8da5a220fc1f690f65af.jpg
019f1fbc-772c-70c2-b1e0-fd2157622c99,2026-07-02T08:09:53+00:00,2026-07-01T22:11:12+00:00,Dover Rivulet Mouth Observations,Dover Rivulet Mouth,-43.31622,147.02357,mhdoverlc,,Open - Flowing Out to Sea,0.4,0.45,1,,files/photos_and_files/019f1fbc-6c7c-7d2e-b527-3f1bd30ec6fd-a2a0c31d8cde2bd31ce4ebb3857ea1b74f4ad1be.jpg; files/photos_and_files/019f1fbc-742d-7e9d-b605-17268f69aaea-34b820b202843a1ab373d2871cc6afcfca189615.jpg,files/photos_and_files/019f1fbc-6c7c-7d2e-b527-3f1bd30ec6fd-a2a0c31d8cde2bd31ce4ebb3857ea1b74f4ad1be.jpg; files/photos_and_files/019f1fbc-742d-7e9d-b605-17268f69aaea-34b820b202843a1ab373d2871cc6afcfca189615.jpg
019f3a7c-adb6-7b9a-9669-a949d01b99e2,2026-07-07T12:49:00+00:00,2026-07-07T02:51:17+00:00,Dover Rivulet Mouth Observations,Dover Rivulet Mouth,-43.31622,147.02357,mhdoverlc,,Open - Flowing Out to Sea,0.9,0.95,0,,files/photos_and_files/019f3a7c-ac04-714c-a1bb-fd055d437287-fcae918794cb67b38d9a6b67ddc8b509c3cbed8d.jpg,files/photos_and_files/019f3a7c-ac04-714c-a1bb-fd055d437287-fcae918794cb67b38d9a6b67ddc8b509c3cbed8d.jpg
019f43bc-7d10-7ec9-9ea1-f5b9fefc5406,2026-07-09T07:55:55+00:00,2026-07-08T21:57:34+00:00,Dover Rivulet Mouth Observations,Dover Rivulet Mouth,-43.31622,147.02357,mhdoverlc,,Open - Flowing Out to Sea,0.6,0.7,0,,files/photos_and_files/019f43bc-7b3c-7b34-9f32-6373a04fadd4-cb640eb3f813a8efaaf68c4888a80dfb0b0ea7d8.jpg,files/photos_and_files/019f43bc-7b3c-7b34-9f32-6373a04fadd4-cb640eb3f813a8efaaf68c4888a80dfb0b0ea7d8.jpg
019f48d0-aca2-7d64-b879-5ed1e61248f0,2026-07-10T07:35:00+00:00,2026-07-09T21:37:43+00:00,Dover Rivulet Mouth Observations,Dover Rivulet Mouth,-43.31622,147.02357,mhdoverlc,,Open - Flowing Out to Sea,0.7,0.75,0,,files/photos_and_files/019f48d0-aaa8-74a8-98e8-705bdb5538d5-e233cb7715566786f4dc379a4f4eca7bf52a1f6d.jpg,files/photos_and_files/019f48d0-aaa8-74a8-98e8-705bdb5538d5-e233cb7715566786f4dc379a4f4eca7bf52a1f6d.jpg
019f63cf-87e5-7a79-8dd2-1c819f3268c7,2026-07-15T13:22:00+00:00,2026-07-15T03:26:12+00:00,Dover Rivulet Mouth Observations,Dover Rivulet Mouth,-43.31622,147.02357,mhdoverlc,,Open - Flowing Out to Sea,0.9,0.9,1,,files/photos_and_files/019f63cf-84db-71ff-99ff-eba8f6f3d724-23f5e47534b8578cbfa8741e0f0320458a396633.jpg,files/photos_and_files/019f63cf-84db-71ff-99ff-eba8f6f3d724-23f5e47534b8578cbfa8741e0f0320458a396633.jpg
019f6802-8df7-7ae5-8e2c-00283d668e45,2026-07-16T08:40:00+00:00,2026-07-15T23:00:25+00:00,Dover Rivulet Mouth Observations,Dover Rivulet Mouth,-43.31622,147.02357,mhdoverlc,,Open - Flowing Out to Sea,0.4,0.45,0,,files/photos_and_files/019f6802-8b10-7550-a006-1ee40c3a6e02-171b92fa5dc3989f2fbdee16188e137d199d3643.jpg,files/photos_and_files/019f6802-8b10-7550-a006-1ee40c3a6e02-171b92fa5dc3989f2fbdee16188e137d199d3643.jpg
019fc0db-6f0f-7728-ac9b-8244a9a37773,2026-08-02T15:02:20+00:00,2026-08-02T05:03:54+00:00,Dover Rivulet Mouth Observations,Dover Rivulet Mouth,-43.31622,147.02357,mhdoverlc,,Open - Flowing Out to Sea,0.8,0.85,0,,files/photos_and_files/019fc0db-5c5c-7acf-b072-7bc46aab5a6f-7244ca007e5e5db5b28fce9a73fa1af80558e885.jpg; files/photos_and_files/019fc0db-6b82-7f94-8d30-7d99699034c3-949a1d0b33db0ae599ee094ba92aa4d18f0ecf64.jpg,files/photos_and_files/019fc0db-5c5c-7acf-b072-7bc46aab5a6f-7244ca007e5e5db5b28fce9a73fa1af80558e885.jpg; files/photos_and_files/019fc0db-6b82-7f94-8d30-7d99699034c3-949a1d0b33db0ae599ee094ba92aa4d18f0ecf64.jpg
019fcabe-db32-7d1d-8a8f-0e4f0366de1b,2026-08-04T13:06:35+00:00,2026-08-04T03:08:53+00:00,Dover Rivulet Mouth Observations,Dover Rivulet Mouth,-43.31622,147.02357,mhdoverlc,,Open - Flowing Out to Sea,1,1.05,6,"Extra opaque / brown, no smell",files/photos_and_files/019fcabe-d28f-7c57-a7ba-2e3c985848d6-bb9b2c5eb394a40500aa3cb1a796a2f929397a49.jpg; files/photos_and_files/019fcabe-d997-705e-b04c-e0205a2a0324-e67ac7c27ef22b5fc74731ca5a868d62f5187ae4.jpg,files/photos_and_files/019fcabe-d28f-7c57-a7ba-2e3c985848d6-bb9b2c5eb394a40500aa3cb1a796a2f929397a49.jpg; files/photos_and_files/019fcabe-d997-705e-b04c-e0205a2a0324-e67ac7c27ef22b5fc74731ca5a868d62f5187ae4.jpg
