location_id,name,latitude,longitude,observations_total,description
019edd20-bc9b-708d-a0a8-6ed83d3a3b04,A6N245 (Otley 2000: E 507675 / N 5221775 [AGD66 UTM Z55]),-43.155093,147.095783,0,
019edd20-bc45-75da-a78f-9e7ffbb1e1e2,AGN010 (Otley 2000: E 507700 / N 5225250 [AGD66 UTM Z55]),-43.123801,147.096041,0,
019edd20-b6be-7ee7-aa55-54874af344b0,AGN016 (Otley 2000: E 506500 / N 5224600 [AGD66 UTM Z55]),-43.129665,147.081297,0,
019edd20-c046-7dcb-b43d-6c43ce4c47cf,AGN120 (Otley 2000: E 506100 / N 5221475 [AGD66 UTM Z55]),-43.157809,147.076414,0,
019edd20-b6be-7edd-a86c-f994ef15ab56,AGN130 (Otley 2000: E 506100 / N 5221500 [AGD66 UTM Z55]),-43.157584,147.076414,0,
019edd20-bc4a-7042-bf42-a2339f730533,AGN200 (Otley 2000: E 506075 / N 5221225 [AGD66 UTM Z55]),-43.16006,147.076109,0,
019edd20-c500-747c-a14e-56b5048ea0c4,AGN249 (Otley 2000: E 507575 / N 5221825 [AGD66 UTM Z55]),-43.154644,147.094552,0,
019edd20-c503-7c90-abed-41cf15812ae7,AGN250 (Otley 2000: E 507500 / N 5221900 [AGD66 UTM Z55]),-43.153969,147.093628,0,
019edd20-bdba-7ce2-8d37-7f4cf470a46c,AGN260 (Otley 2000: E 506650 / N 5221550 [AGD66 UTM Z55]),-43.157129,147.083178,0,
019edd20-bdbb-7887-813c-a98b1b4f951f,AGN300 (Otley 2000: E 506500 / N 5221500 [AGD66 UTM Z55]),-43.157581,147.081334,0,
019edd20-be94-7f44-8e6d-7bc53322d305,AGN400 (Otley 2000: E 506575 / N 5220900 [AGD66 UTM Z55]),-43.162983,147.082263,0,
019edd20-bfa5-7338-a70d-7d0ac3f7723c,ALB100 (Otley 2000: E 512100 / N 5219300 [AGD66 UTM Z55]),-43.177322,147.150263,0,
019edd20-bfdb-7244-b86b-6cf05a3db8d5,ARV005 (Otley 2000: E 481500 / N 5215600 [AGD66 UTM Z55]),-43.210514,146.773633,0,
019edd20-c02c-73b6-ad83-7d855916fdfd,ARV100 (Otley 2000: E 485500 / N 5231500 [AGD66 UTM Z55]),-43.067423,146.823289,0,
019edd20-c262-7d36-b9ae-a2b702fdd3a7,BAK015 (Otley 2000: E 500500 / N 5244350 [AGD66 UTM Z55]),-42.951844,147.007508,0,
019edd20-d2f0-74d2-a53a-9245fc6adc72,BAK025 (Otley 2000: E 501100 / N 5243750 [AGD66 UTM Z55]),-42.957247,147.014864,0,
019edd20-c263-7a2b-b17d-b233baaf494b,BAK060 (Otley 2000: E 502350 / N 5242900 [AGD66 UTM Z55]),-42.964898,147.030193,0,
019edd20-c264-7206-b90c-a140c242eb77,BAK100 (Otley 2000: E 502900 / N 5242450 [AGD66 UTM Z55]),-42.968948,147.03694,0,
019edd20-c3d3-761d-9d5a-7fa24b6a2c61,BAK150 (Otley 2000: E 503600 / N 5241900 [AGD66 UTM Z55]),-42.973898,147.045527,0,
019edd20-c419-764d-b8cd-f9dd0637eb4f,BAK200 (Otley 2000: E 504350 / N 5241250 [AGD66 UTM Z55]),-42.979747,147.05473,0,
019edd20-c419-724f-b3f1-7691af4f5eef,BAK250 (Otley 2000: E 505250 / N 5240650 [AGD66 UTM Z55]),-42.985145,147.065774,0,
019ef6ea-2bac-751d-86de-2926cf1310b0,Bells Lagoon,-43.313011631,147.03889344,2,
019edd20-c56f-7bbb-ab2c-d93f04d75225,CFB010 (Otley 2000: E 495800 / N 5226213 [AGD66 UTM Z55]),-43.115158,146.949756,0,
019edd20-c5e8-79bb-a7bf-37ab49c450a3,CFB020 (Otley 2000: E 496500 / N 5225100 [AGD66 UTM Z55]),-43.125184,146.958354,0,
019edd20-c5f4-7871-bc98-816867e48cd6,CFB030 (Otley 2000: E 497600 / N 5224200 [AGD66 UTM Z55]),-43.133293,146.971873,0,
019edd20-c658-7edc-adb3-895611fcd540,CRB080 (Otley 2000: E 504400 / N 5246450 [AGD66 UTM Z55]),-42.93292,147.055301,0,
019edd20-c6b3-7ec3-a281-a4224f508ba1,CRB100 (Otley 2000: E 504600 / N 5246100 [AGD66 UTM Z55]),-42.936071,147.057755,0,
019edd20-c710-76d9-89c4-785994c8d92a,CRB150 (Otley 2000: E 505650 / N 5244950 [AGD66 UTM Z55]),-42.94642,147.070636,0,
019edd20-c76e-7a7e-9989-8abd766f405a,CRB250 (Otley 2000: E 506350 / N 5243900 [AGD66 UTM Z55]),-42.955869,147.079229,0,
019edd20-c77e-7f01-99a3-42110b3ac26e,CRB300 (Otley 2000: E 507000 / N 5242400 [AGD66 UTM Z55]),-42.969371,147.087217,0,
019edd20-c805-7838-9f73-52526785dec3,DIC500 (Otley 2000: E 494600 / N 5238000 [AGD66 UTM Z55]),-43.009009,146.935118,0,
019edd20-c887-75ef-b743-2f830804ee54,DIP040 (Otley 2000: E 509550 / N 5242850 [AGD66 UTM Z55]),-42.965291,147.118479,0,
019edd20-c8d6-7e06-82ad-05af3962cd73,DIP060 (Otley 2000: E 509300 / N 5243350 [AGD66 UTM Z55]),-42.960792,147.115405,0,
019edd20-c91e-76c5-b61f-1d80f2a1fd48,DIP080 (Otley 2000: E 508800 / N 5243300 [AGD66 UTM Z55]),-42.961248,147.109275,0,
019edd20-c945-7b6d-a518-a06d8a9ef57e,DIP100 (Otley 2000: E 508800 / N 5243350 [AGD66 UTM Z55]),-42.960798,147.109274,0,
019edd20-c974-7dfe-9787-9e3f32c16c18,DOV070 (Otley 2000: E 500650 / N 5205900 [AGD66 UTM Z55]),-43.298083,147.009399,0,
019ec5ca-9c7d-7ec4-ab75-b6ee95856445,DOV070 Dover Rivulet Huon Highway,-43.2976765,147.0103537,2,
019edd20-ca79-7904-8a14-ff49953851b8,DOV090 (Otley 2000: E 500850 / N 5204975 [AGD66 UTM Z55]),-43.306412,147.011866,0,
019edd20-cae3-78b2-9220-dcc48f31a36b,DOV100 (Otley 2000: E 500900 / N 5204550 [AGD66 UTM Z55]),-43.310239,147.012484,0,
019edd20-ca7b-7470-b743-cf6885df840b,DOV110 (Otley 2000: E 501325 / N 5204450 [AGD66 UTM Z55]),-43.311139,147.017724,0,
019ec5c0-7ea6-7e65-b786-0439fb02a024,DOV110 Dover Rivulet South Gate Market,-43.3105898,147.0170049,3,
019edd20-ca9f-7e25-9983-75102d1c4991,DOV120 (Otley 2000: E 501620 / N 5204100 [AGD66 UTM Z55]),-43.31429,147.021363,0,
019edd20-cb36-731c-ae70-b50510c57185,DOV130 (Otley 2000: E 501750 / N 5203950 [AGD66 UTM Z55]),-43.31564,147.022967,0,
019ec5bb-b999-7cef-919c-4589f22998a1,DOV130 Dover Rivulet Lagoon Kent Beach Rd,-43.3155877,147.0230454,2,
f5ff31ef-9aac-4c4a-92cb-993cb3b19406,Dover Rivulet Lower Lagoon,-43.3158,147.02321,9,
3d374a55-1f74-4eef-ae17-2627a1ecb4a3,Dover Rivulet Mouth,-43.31622,147.02357,46,
019edd20-cc50-7d2d-80c4-bc8f41fcd87f,ESP001 (Otley 2000: E 484300 / N 5213200 [AGD66 UTM Z55]),-43.232188,146.808036,0,
019edd20-cbf2-7653-b5f8-d1d32bc2a11c,ESP002 (Otley 2000: E 495400 / N 5202800 [AGD66 UTM Z55]),-43.325985,146.944649,0,
019ec5dc-10f0-7cc0-a687-192ac165ba8e,ESP050 Esperance River Conservation Area (maybe ESP010),-43.298965,146.9134378,2,
019ec5d9-6fd2-72dc-9bc1-35074ae3001b,ESP100 Esperance River Cableway Above Dover Water Intake,-43.334185,146.9657096,2,
019edd20-ccb7-7564-a0af-2dd20f980548,FLU100 (Otley 2000: E 499450 / N 5226450 [AGD66 UTM Z55]),-43.113035,146.994621,0,
019edd20-cc6d-7b58-9816-7351cf87f255,FOU100 (Otley 2000: E 507600 / N 5240800 [AGD66 UTM Z55]),-42.983774,147.094596,0,
019edd20-cd2f-727b-87ee-9ef5b858f780,FOU150 (Otley 2000: E 506650 / N 5240950 [AGD66 UTM Z55]),-42.982432,147.082942,0,
019edd20-cdb7-7c88-bdab-daa5a929bdba,FOU200 (Otley 2000: E 505550 / N 5241050 [AGD66 UTM Z55]),-42.98154,147.06945,0,
019edd20-ce34-718b-a302-8f6bfb8806e8,GDR100 (Otley 2000: E 512500 / N 5219800 [AGD66 UTM Z55]),-43.172813,147.155173,0,
019edd20-cdf6-7f6e-9c6d-b5f3b16cf717,GDR150 (Otley 2000: E 509100 / N 5218900 [AGD66 UTM Z55]),-43.180966,147.113357,0,
019edd20-ceaf-75ec-822a-7e1bf3b5411c,GDR200 (Otley 2000: E 508500 / N 5218500 [AGD66 UTM Z55]),-43.184575,147.105981,0,
019edd20-cf2f-7680-a0e0-cce13f6abda3,GVC115 (Otley 2000: E 505925 / N 5221775 [AGD66 UTM Z55]),-43.155109,147.074258,0,
019ef742-d38e-7448-836b-3579657f8e7e,Glenbervie Rivulet,-43.31235,147.04628,2,
019edd20-cfc5-7457-8eb2-4beba9e0b3a6,HOL100 (Otley 2000: E 509600 / N 5218600 [AGD66 UTM Z55]),-43.183661,147.119515,0,
019edd20-d02e-7f93-a565-8dc64956676e,HUO140 (Otley 2000: E 494100 / N 5239100 [AGD66 UTM Z55]),-42.999099,146.928995,0,
019edd20-d001-72e7-85fc-4334b57bf9a7,HUO150 (Otley 2000: E 495312 / N 5237550 [AGD66 UTM Z55]),-43.013066,146.943851,0,
019edd20-d055-746a-b571-09adbad77f88,HUO200 (Otley 2000: E 496525 / N 5236475 [AGD66 UTM Z55]),-43.022752,146.95873,0,
019edd20-d08e-747c-8f32-9205ce383b9c,HUO240 (Otley 2000: E 496600 / N 5236325 [AGD66 UTM Z55]),-43.024104,146.95965,0,
019edd20-d18d-7664-830a-0bf32877c84c,JUD020 (Otley 2000: E 497050 / N 5246400 [AGD66 UTM Z55]),-42.933378,146.965224,0,
019edd20-d1c8-72e1-b655-7f573912a29b,JUD025 (Otley 2000: E 496000 / N 5242950 [AGD66 UTM Z55]),-42.964442,146.952332,0,
019edd20-d190-708d-b854-2a894847bd72,JUD070 (Otley 2000: E 495250 / N 5241450 [AGD66 UTM Z55]),-42.977945,146.943123,0,
019edd20-d1f0-7dd9-9d94-8984b63f9505,JUD100 (Otley 2000: E 495950 / N 5242400 [AGD66 UTM Z55]),-42.969394,146.951715,0,
019edd20-d20b-7cf3-bc4c-431f62a000ea,JUD200 (Otley 2000: E 493700 / N 5239800 [AGD66 UTM Z55]),-42.992793,146.924095,0,
019edd20-d369-7a94-8076-3e53204f6846,KEL250 (Otley 2000: E 511600 / N 5235100 [AGD66 UTM Z55]),-43.035052,147.143778,0,
019edd20-d32f-7392-b0ea-71d1e6a79961,KEL400 (Otley 2000: E 509500 / N 5234200 [AGD66 UTM Z55]),-43.043186,147.118015,0,
019edd20-d32d-7419-a8aa-0e24aa2ba141,KEL750 (Otley 2000: E 505900 / N 5230700 [AGD66 UTM Z55]),-43.07474,147.073854,0,
019edd20-d3ac-7ec8-8972-0305a06e9a1e,KER001 (Otley 2000: E 487400 / N 5214600 [AGD66 UTM Z55]),-43.219639,146.846244,0,
019edd20-d393-7f40-9ad9-8be667733704,KER010 (Otley 2000: E 489600 / N 5218100 [AGD66 UTM Z55]),-43.188156,146.873397,0,
019edd20-d4bc-7f79-b0dd-6918f211d9a2,KER200 (Otley 2000: E 492400 / N 5219050 [AGD66 UTM Z55]),-43.179634,146.907868,0,
019edd20-d497-7737-b898-7966d029a74f,KER400 (Otley 2000: E 493750 / N 5219900 [AGD66 UTM Z55]),-43.171992,146.924488,0,
019edd20-d4ed-7cc8-b9c8-d158b2a9f1d2,KER450 (Otley 2000: E 494100 / N 5220250 [AGD66 UTM Z55]),-43.168843,146.928798,0,
019edd20-d525-7f03-9045-02a6ec5a43ea,KER650 (Otley 2000: E 493650 / N 5221100 [AGD66 UTM Z55]),-43.161186,146.923272,0,
019edd20-d54a-7d72-a0eb-21598745214b,KER700 (Otley 2000: E 494300 / N 5220700 [AGD66 UTM Z55]),-43.164793,146.931263,0,
019edd20-d532-7b68-9d20-b39d1631164f,KER750 (Otley 2000: E 494750 / N 5220800 [AGD66 UTM Z55]),-43.163895,146.9368,0,
019edd20-d65f-70ce-9166-8b97620f6f34,KER800 (Otley 2000: E 495200 / N 5220500 [AGD66 UTM Z55]),-43.1666,146.942333,0,
019edd20-d694-795c-a554-a54e92128ec2,LAS040 (Otley 2000: E 512800 / N 5208550 [AGD66 UTM Z55]),-43.274111,147.159128,0,
019edd20-d641-79fe-a6a0-fd41e189d770,LAS060 (Otley 2000: E 512700 / N 5208500 [AGD66 UTM Z55]),-43.274563,147.157896,0,
019edd20-d714-75a1-949e-647356bc67ad,LAS080 (Otley 2000: E 512700 / N 5208400 [AGD66 UTM Z55]),-43.275463,147.157899,0,
019edd20-d722-71b1-80c8-896e4d1404d4,LAS100 (Otley 2000: E 512600 / N 5208400 [AGD66 UTM Z55]),-43.275465,147.156666,0,
019edd20-d6b5-7670-b2d1-6a62e3076215,LDR001 (Otley 2000: E 476700 / N 5244000 [AGD66 UTM Z55]),-42.954643,146.715727,0,
019edd20-d84d-733e-a747-befbc14c21e3,LDR002 (Otley 2000: E 482100 / N 5242600 [AGD66 UTM Z55]),-42.967396,146.781884,0,
019edd20-d7cb-727c-a58d-7460f2afceb6,LDR100 (Otley 2000: E 483377 / N 5241426 [AGD66 UTM Z55]),-42.977996,146.797508,0,
019edd20-d817-7e38-85ca-0672608d1f2b,LDR220 (Otley 2000: E 483775 / N 5240800 [AGD66 UTM Z55]),-42.983642,146.802372,0,
019edd20-d87f-7b23-93f0-0c36be06d063,LDR300 (Otley 2000: E 484020 / N 5240900 [AGD66 UTM Z55]),-42.982747,146.805379,0,
019edd20-d904-73a3-9e3f-b486962d4c09,LDR400 (Otley 2000: E 484125 / N 5240775 [AGD66 UTM Z55]),-42.983875,146.806664,0,
019edd20-d903-78d9-b266-b1f23452f109,LUN010 (Otley 2000: E 485700 / N 5192800 [AGD66 UTM Z55]),-43.415909,146.824749,0,
019edd20-d987-74d9-898e-cabea0f572e3,LUN020 (Otley 2000: E 492200 / N 5192900 [AGD66 UTM Z55]),-43.415103,146.905041,0,
019edd20-da18-7279-8ac2-45b24c52082e,MOU200 (Otley 2000: E 510850 / N 5245900 [AGD66 UTM Z55]),-42.937808,147.134359,0,
019edd20-d9e4-71db-b862-df24709fd7db,MOU250 (Otley 2000: E 510800 / N 5245800 [AGD66 UTM Z55]),-42.938709,147.133748,0,
019edd20-d9e2-73d4-bf72-7cd7672579db,MOU400 (Otley 2000: E 508800 / N 5243400 [AGD66 UTM Z55]),-42.960347,147.109274,0,
019edd20-daf7-7ef9-b2ab-3a1932276faf,MOU600 (Otley 2000: E 507000 / N 5242200 [AGD66 UTM Z55]),-42.971172,147.087219,0,
019edd20-dc38-7e5d-8c3f-4e479fbd1e35,MOU650 (Otley 2000: E 505300 / N 5239500 [AGD66 UTM Z55]),-42.9955,147.066398,0,
019edd20-db13-7056-8587-b577bb390806,MOU700 (Otley 2000: E 503900 / N 5237500 [AGD66 UTM Z55]),-43.013519,147.049238,0,
019edd20-db93-701f-939f-838fce15f2f0,MOU850 (Otley 2000: E 503300 / N 5237000 [AGD66 UTM Z55]),-43.018025,147.041878,0,
019edd20-dc40-7647-bb74-3ec62de7c469,NIC100 (Otley 2000: E 512800 / N 5224950 [AGD66 UTM Z55]),-43.126432,147.158744,0,
019edd20-dc31-7e24-a05d-daebe8dd5593,NIC300 (Otley 2000: E 512200 / N 5222500 [AGD66 UTM Z55]),-43.148504,147.151422,0,
019edd20-dc6b-7219-b4b1-e7975a36bc43,NIC500 (Otley 2000: E 511100 / N 5221000 [AGD66 UTM Z55]),-43.162029,147.137925,0,
019edd20-dc9c-7057-b7cc-23d113cc5e20,NIC700 (Otley 2000: E 508200 / N 5220100 [AGD66 UTM Z55]),-43.170171,147.102265,0,
019edd20-dd1e-7b25-9464-dd1fedebb9db,PAR100 (Otley 2000: E 507350 / N 5240650 [AGD66 UTM Z55]),-42.985127,147.091532,0,
019edd20-ddb3-7b2b-abb1-f7374bc9657e,PCK010 (Otley 2000: E 496950 / N 5229900 [AGD66 UTM Z55]),-43.081962,146.963911,0,
019edd20-ddbd-70e1-8b02-42a37e041870,PCK020 (Otley 2000: E 498700 / N 5229800 [AGD66 UTM Z55]),-43.082868,146.98541,0,
019edd20-ddea-70f6-b7e1-6b445267f465,PCK030 (Otley 2000: E 500850 / N 5229500 [AGD66 UTM Z55]),-43.085569,147.011824,0,
019edd20-de25-7337-b17e-25e8501daa96,PIC001 (Otley 2000: E 474300 / N 5213400 [AGD66 UTM Z55]),-43.230114,146.684894,0,
019edd20-de23-7938-8819-c2a32f10d968,PIC002 (Otley 2000: E 476000 / N 5227100 [AGD66 UTM Z55]),-43.106805,146.706421,0,
019edd20-de9b-7734-8ba0-9aede481fa5c,RIL200 (Otley 2000: E 494450 / N 5217000 [AGD66 UTM Z55]),-43.198112,146.933072,0,
019edd20-df58-7e34-aebb-c4bb41e9c713,RIL400 (Otley 2000: E 493700 / N 5219450 [AGD66 UTM Z55]),-43.176044,146.923868,0,
019edd20-df17-75f1-adcf-bc876051a895,RUS005 (Otley 2000: E 476400 / N 5252400 [AGD66 UTM Z55]),-42.878991,146.712401,0,
019edd20-dfe1-71f7-b661-292ff3a96b0b,RUS010 (Otley 2000: E 483500 / N 5245600 [AGD66 UTM Z55]),-42.940412,146.799139,0,
019edd20-df96-75af-9ecc-7859958ccbd4,RUS055 (Otley 2000: E 483200 / N 5245000 [AGD66 UTM Z55]),-42.945808,146.795444,0,
019edd20-dfc8-7c89-8db6-4f35dd3e93e9,RUS060 (Otley 2000: E 483250 / N 5244995 [AGD66 UTM Z55]),-42.945854,146.796057,0,
019edd20-e084-77fa-8de1-f0ef4bd337ab,RUS070 (Otley 2000: E 484300 / N 5244450 [AGD66 UTM Z55]),-42.950784,146.808913,0,
019edd20-e0de-756a-8e3c-aa5de6406c23,RUS075 (Otley 2000: E 485500 / N 5243350 [AGD66 UTM Z55]),-42.960714,146.823595,0,
019edd20-e139-7671-a105-79d3f00d6707,RUS080 (Otley 2000: E 485550 / N 5243300 [AGD66 UTM Z55]),-42.961165,146.824207,0,
019edd20-e19b-7cc5-8d14-d0fa44eb5d65,RUS100 (Otley 2000: E 488700 / N 5240800 [AGD66 UTM Z55]),-42.98373,146.862779,0,
019edd20-e13c-74f4-8743-dca27161acac,SOU010 (Otley 2000: E 496550 / N 5193800 [AGD66 UTM Z55]),-43.407031,146.958778,0,
019edd20-e1c6-7d20-8a79-967ad8f95f24,SOU050 (Otley 2000: E 496250 / N 5193200 [AGD66 UTM Z55]),-43.412433,146.955069,0,
019edd20-e25c-7368-a73c-5edd5dad940a,SOU100 (Otley 2000: E 497200 / N 5192500 [AGD66 UTM Z55]),-43.41874,146.9668,0,
019edd20-e2af-7b9b-b889-59aad157f808,SOU150 (Otley 2000: E 497800 / N 5191400 [AGD66 UTM Z55]),-43.428647,146.974207,0,
019edd20-e2e0-77b5-bed4-ce27a8b09025,SOU200 (Otley 2000: E 497800 / N 5191200 [AGD66 UTM Z55]),-43.430448,146.974207,0,
019edd20-e310-7d88-9a90-8741d4d43c63,STT100 (Otley 2000: E 492750 / N 5224150 [AGD66 UTM Z55]),-43.133713,146.91224,0,
019edd20-e3ba-7391-ab59-4fef16d02de7,STT300 (Otley 2000: E 493200 / N 5222600 [AGD66 UTM Z55]),-43.147674,146.917754,0,
019edd20-e341-7a42-b82d-af052218108b,STT400 (Otley 2000: E 493600 / N 5221100 [AGD66 UTM Z55]),-43.161185,146.922657,0,
019edd20-e3e4-7a10-9abb-933526a4e334,SUP010 (Otley 2000: E 504425 / N 5223950 [AGD66 UTM Z55]),-43.135534,147.055791,0,
019edd20-e408-79ac-bf20-cdf86157fa60,SUP020 (Otley 2000: E 504325 / N 5223890 [AGD66 UTM Z55]),-43.136075,147.054562,0,
019edd20-e48a-7c64-ba9d-b39230d039f1,SUP050 (Otley 2000: E 504790 / N 5223650 [AGD66 UTM Z55]),-43.138233,147.060281,0,
019edd20-e4df-7566-8d1a-8f66fd5499ff,SUP100 (Otley 2000: E 505625 / N 5223550 [AGD66 UTM Z55]),-43.139128,147.07055,0,
019edd20-e50c-7c36-a492-7f8e71903ba7,SUP200 (Otley 2000: E 505675 / N 5222250 [AGD66 UTM Z55]),-43.150834,147.071178,0,
019edd20-e564-7698-b248-d44fb1d6c69b,SUP300 (Otley 2000: E 505925 / N 5221800 [AGD66 UTM Z55]),-43.154884,147.074258,0,
019edd20-e5c4-7606-bb49-cba4197130eb,SUP350 (Otley 2000: E 506950 / N 5221712 [AGD66 UTM Z55]),-43.155667,147.086866,0,
019edd20-e5c2-72b8-a433-e3f409e0135c,WAT050 (Otley 2000: E 495650 / N 5235450 [AGD66 UTM Z55]),-43.031978,146.947983,0,
019edd20-e5f6-7260-996b-72b390503355,WAT055 (Otley 2000: E 495650 / N 5235450 [AGD66 UTM Z55]),-43.031978,146.947983,0,
019edd20-e6a7-7cde-88f1-6976c8f55eec,WAT200 (Otley 2000: E 496400 / N 5236200 [AGD66 UTM Z55]),-43.025228,146.957194,0,
019edd20-e6d4-7300-8a11-e719251afea3,WOL100 (Otley 2000: E 510500 / N 5219100 [AGD66 UTM Z55]),-43.179147,147.13058,0,
019edd20-e720-7976-a498-e5998e83077e,WOL100 (Otley 2000: E 510500 / N 5219100 [AGD66 UTM Z55]),-43.179147,147.13058,0,
